mode,origin,destination,carrier,commodity,charge_unit,currency,buy_rate,min_sell_rate,origin_charges,destination_charges,valid_from,valid_to,transit_days,remarks
Sea,Nhava Sheva,New York,MAERSK,GARMENTS,20GP,USD,2850,3220,325,425,2026-06-17,2026-08-01,22,"FCL Garments rate via MAERSK; subject to vessel space, equipment availability and final carrier confirmation."
Sea,Nhava Sheva,New York,MSC,GARMENTS,40GP,USD,3950,4450,355,455,2026-06-24,2026-08-08,22,"FCL Garments rate via MSC; subject to vessel space, equipment availability and final carrier confirmation."
Sea,Nhava Sheva,New York,HAPAG-LLOYD,GARMENTS,40HC,USD,4150,4680,365,465,2026-07-01,2026-08-15,23,"FCL Garments rate via HAPAG-LLOYD; subject to vessel space, equipment availability and final carrier confirmation."
Sea,Nhava Sheva,New York,CMA CGM,GARMENTS,CBM,USD,82,105,18,22,2026-07-08,2026-08-22,25,LCL Garments rate via CMA CGM; priced per CBM and subject to consolidation schedule and minimum charge.
Sea,Nhava Sheva,Long Beach,MAERSK,GARMENTS,20GP,USD,3100,3495,335,440,2026-06-17,2026-08-01,28,"FCL Garments rate via MAERSK; subject to vessel space, equipment availability and final carrier confirmation."
Sea,Chattogram,New York,MAERSK,GARMENTS,20GP,USD,3300,3710,280,390,2026-06-24,2026-08-08,34,"FCL Garments rate via MAERSK; subject to vessel space, equipment availability and final carrier confirmation."
Sea,Chattogram,Rotterdam,MSC,GARMENTS,20GP,USD,2550,2885,255,350,2026-07-01,2026-08-15,29,"FCL Garments rate via MSC; subject to vessel space, equipment availability and final carrier confirmation."
Sea,Ho Chi Minh Cat Lai,New York,ONE,GARMENTS,20GP,USD,2950,3335,300,410,2026-07-08,2026-08-22,31,"FCL Garments rate via ONE; subject to vessel space, equipment availability and final carrier confirmation."
Sea,Sihanoukville,New York,CMA CGM,GARMENTS,20GP,USD,3050,3445,290,405,2026-06-17,2026-08-01,33,"FCL Garments rate via CMA CGM; subject to vessel space, equipment availability and final carrier confirmation."
Air,BOM,JFK,Emirates SkyCargo,GARMENTS,KG,USD,3.75,4.55,0.25,0.35,2026-06-24,2026-08-08,3,Air freight Garments rate via Emirates SkyCargo; priced per chargeable kg and subject to airline capacity and security screening.
Air,DAC,JFK,Qatar Airways Cargo,GARMENTS,KG,USD,4.2,5.05,0.3,0.4,2026-07-01,2026-08-15,4,Air freight Garments rate via Qatar Airways Cargo; priced per chargeable kg and subject to airline capacity and security screening.
Sea,Chattogram,New York,MSC,TEXTILES,40GP,USD,3120,3603.6,255,320,2026-06-17,2026-08-01,18,"FCL Textiles rate via MSC; subject to vessel space, equipment availability and final carrier confirmation."
Sea,Chattogram,New York,CMA CGM,HOME GOODS,40HC,USD,3740,4413.2,290,360,2026-06-24,2026-08-08,18,"FCL Home Goods rate via CMA CGM; subject to vessel space, equipment availability and final carrier confirmation."
Sea,Chattogram,Rotterdam,MSC,TEXTILES,20GP,USD,2090,2413.95,220,310,2026-07-01,2026-08-15,15,"FCL Textiles rate via MSC; subject to vessel space, equipment availability and final carrier confirmation."
Sea,Chattogram,Rotterdam,CMA CGM,HOME GOODS,40GP,USD,2710,3197.8,255,350,2026-07-08,2026-08-22,15,"FCL Home Goods rate via CMA CGM; subject to vessel space, equipment availability and final carrier confirmation."
Sea,Chattogram,Rotterdam,HAPAG-LLOYD,FOOTWEAR,40HC,USD,3330,4012.65,290,390,2026-06-17,2026-08-01,15,"FCL Footwear rate via HAPAG-LLOYD; subject to vessel space, equipment availability and final carrier confirmation."
Sea,Chattogram,Felixstowe,CMA CGM,HOME GOODS,20GP,USD,2330,2749.4,220,340,2026-06-24,2026-08-08,20,"FCL Home Goods rate via CMA CGM; subject to vessel space, equipment availability and final carrier confirmation."
Sea,Chattogram,Felixstowe,HAPAG-LLOYD,FOOTWEAR,40GP,USD,2950,3554.75,255,380,2026-07-01,2026-08-15,20,"FCL Footwear rate via HAPAG-LLOYD; subject to vessel space, equipment availability and final carrier confirmation."
Sea,Chattogram,Felixstowe,ONE,TEA,40HC,USD,3570,4034.1,290,420,2026-07-08,2026-08-22,20,"FCL Tea rate via ONE; subject to vessel space, equipment availability and final carrier confirmation."
Sea,Chattogram,Jebel Ali,HAPAG-LLOYD,FOOTWEAR,20GP,USD,2270,2735.35,220,370,2026-06-17,2026-08-01,25,"FCL Footwear rate via HAPAG-LLOYD; subject to vessel space, equipment availability and final carrier confirmation."
Sea,Chattogram,Jebel Ali,ONE,TEA,40GP,USD,2890,3265.7,255,410,2026-06-24,2026-08-08,25,"FCL Tea rate via ONE; subject to vessel space, equipment availability and final carrier confirmation."
Sea,Chattogram,Jebel Ali,EVERGREEN,FMCG,40HC,USD,3510,4054.05,290,450,2026-07-01,2026-08-15,25,"FCL Fmcg rate via EVERGREEN; subject to vessel space, equipment availability and final carrier confirmation."
Sea,Mongla,New York,MSC,HOME GOODS,20GP,USD,2555,2951.02,229,280,2026-07-08,2026-08-22,21,"FCL Home Goods rate via MSC; subject to vessel space, equipment availability and final carrier confirmation."
Sea,Mongla,New York,CMA CGM,FOOTWEAR,40GP,USD,3175,3746.5,264,320,2026-06-17,2026-08-01,21,"FCL Footwear rate via CMA CGM; subject to vessel space, equipment availability and final carrier confirmation."
Sea,Mongla,New York,HAPAG-LLOYD,TEA,40HC,USD,3795,4572.97,299,360,2026-06-24,2026-08-08,21,"FCL Tea rate via HAPAG-LLOYD; subject to vessel space, equipment availability and final carrier confirmation."
Sea,Mongla,Rotterdam,CMA CGM,FOOTWEAR,20GP,USD,2145,2531.1,229,310,2026-07-01,2026-08-15,18,"FCL Footwear rate via CMA CGM; subject to vessel space, equipment availability and final carrier confirmation."
Sea,Mongla,Rotterdam,HAPAG-LLOYD,TEA,40GP,USD,2765,3331.82,264,350,2026-07-08,2026-08-22,18,"FCL Tea rate via HAPAG-LLOYD; subject to vessel space, equipment availability and final carrier confirmation."
Sea,Mongla,Rotterdam,ONE,FMCG,40HC,USD,3385,3825.05,299,390,2026-06-17,2026-08-01,18,"FCL Fmcg rate via ONE; subject to vessel space, equipment availability and final carrier confirmation."
Sea,Mongla,Felixstowe,HAPAG-LLOYD,TEA,20GP,USD,2385,2873.92,229,340,2026-06-24,2026-08-08,23,"FCL Tea rate via HAPAG-LLOYD; subject to vessel space, equipment availability and final carrier confirmation."
Sea,Mongla,Felixstowe,ONE,FMCG,40GP,USD,3005,3395.65,264,380,2026-07-01,2026-08-15,23,"FCL Fmcg rate via ONE; subject to vessel space, equipment availability and final carrier confirmation."
Sea,Mongla,Felixstowe,EVERGREEN,AUTO PARTS,40HC,USD,3625,4186.87,299,420,2026-07-08,2026-08-22,23,"FCL Auto Parts rate via EVERGREEN; subject to vessel space, equipment availability and final carrier confirmation."
Sea,Mongla,Jebel Ali,ONE,FMCG,20GP,USD,2325,2627.25,229,370,2026-06-17,2026-08-01,28,"FCL Fmcg rate via ONE; subject to vessel space, equipment availability and final carrier confirmation."
Sea,Mongla,Jebel Ali,EVERGREEN,AUTO PARTS,40GP,USD,2945,3401.47,264,410,2026-06-24,2026-08-08,28,"FCL Auto Parts rate via EVERGREEN; subject to vessel space, equipment availability and final carrier confirmation."
Sea,Mongla,Jebel Ali,YANG MING,ELECTRONICS,40HC,USD,3565,4206.7,299,450,2026-07-01,2026-08-15,28,"FCL Electronics rate via YANG MING; subject to vessel space, equipment availability and final carrier confirmation."
Sea,Nhava Sheva,New York,CMA CGM,TEA,20GP,USD,2610,3079.8,238,280,2026-07-08,2026-08-22,24,"FCL Tea rate via CMA CGM; subject to vessel space, equipment availability and final carrier confirmation."
Sea,Nhava Sheva,New York,HAPAG-LLOYD,FMCG,40GP,USD,3230,3892.15,273,320,2026-06-17,2026-08-01,24,"FCL Fmcg rate via HAPAG-LLOYD; subject to vessel space, equipment availability and final carrier confirmation."
Sea,Nhava Sheva,New York,ONE,AUTO PARTS,40HC,USD,3850,4350.5,308,360,2026-06-24,2026-08-08,24,"FCL Auto Parts rate via ONE; subject to vessel space, equipment availability and final carrier confirmation."
Sea,Nhava Sheva,Rotterdam,HAPAG-LLOYD,FMCG,20GP,USD,2200,2651.0,238,310,2026-07-01,2026-08-15,21,"FCL Fmcg rate via HAPAG-LLOYD; subject to vessel space, equipment availability and final carrier confirmation."
Sea,Nhava Sheva,Rotterdam,ONE,AUTO PARTS,40GP,USD,2820,3186.6,273,350,2026-07-08,2026-08-22,21,"FCL Auto Parts rate via ONE; subject to vessel space, equipment availability and final carrier confirmation."
Sea,Nhava Sheva,Rotterdam,EVERGREEN,ELECTRONICS,40HC,USD,3440,3973.2,308,390,2026-06-17,2026-08-01,21,"FCL Electronics rate via EVERGREEN; subject to vessel space, equipment availability and final carrier confirmation."
Sea,Nhava Sheva,Felixstowe,ONE,AUTO PARTS,20GP,USD,2440,2757.2,238,340,2026-06-24,2026-08-08,26,"FCL Auto Parts rate via ONE; subject to vessel space, equipment availability and final carrier confirmation."
Sea,Nhava Sheva,Felixstowe,EVERGREEN,ELECTRONICS,40GP,USD,3060,3534.3,273,380,2026-07-01,2026-08-15,26,"FCL Electronics rate via EVERGREEN; subject to vessel space, equipment availability and final carrier confirmation."
Sea,Nhava Sheva,Felixstowe,YANG MING,PHARMA GENERAL,40HC,USD,3680,4342.4,308,420,2026-07-08,2026-08-22,26,"FCL Pharma General rate via YANG MING; subject to vessel space, equipment availability and final carrier confirmation."
Sea,Nhava Sheva,Jebel Ali,EVERGREEN,ELECTRONICS,20GP,USD,2380,2748.9,238,370,2026-06-17,2026-08-01,31,"FCL Electronics rate via EVERGREEN; subject to vessel space, equipment availability and final carrier confirmation."
Sea,Nhava Sheva,Jebel Ali,YANG MING,PHARMA GENERAL,40GP,USD,3000,3540.0,273,410,2026-06-24,2026-08-08,31,"FCL Pharma General rate via YANG MING; subject to vessel space, equipment availability and final carrier confirmation."
Sea,Nhava Sheva,Jebel Ali,COSCO,GENERAL CARGO,40HC,USD,3620,4362.1,308,450,2026-07-01,2026-08-15,31,"FCL General Cargo rate via COSCO; subject to vessel space, equipment availability and final carrier confirmation."
Sea,Mundra,New York,HAPAG-LLOYD,AUTO PARTS,20GP,USD,2665,3211.32,247,280,2026-07-08,2026-08-22,27,"FCL Auto Parts rate via HAPAG-LLOYD; subject to vessel space, equipment availability and final carrier confirmation."
Sea,Mundra,New York,ONE,ELECTRONICS,40GP,USD,3285,3712.05,282,320,2026-06-17,2026-08-01,27,"FCL Electronics rate via ONE; subject to vessel space, equipment availability and final carrier confirmation."
Sea,Mundra,New York,EVERGREEN,PHARMA GENERAL,40HC,USD,3905,4510.27,317,360,2026-06-24,2026-08-08,27,"FCL Pharma General rate via EVERGREEN; subject to vessel space, equipment availability and final carrier confirmation."
Sea,Mundra,Rotterdam,ONE,ELECTRONICS,20GP,USD,2255,2548.15,247,310,2026-07-01,2026-08-15,24,"FCL Electronics rate via ONE; subject to vessel space, equipment availability and final carrier confirmation."
Sea,Mundra,Rotterdam,EVERGREEN,PHARMA GENERAL,40GP,USD,2875,3320.62,282,350,2026-07-08,2026-08-22,24,"FCL Pharma General rate via EVERGREEN; subject to vessel space, equipment availability and final carrier confirmation."
Sea,Mundra,Rotterdam,YANG MING,GENERAL CARGO,40HC,USD,3495,4124.1,317,390,2026-06-17,2026-08-01,24,"FCL General Cargo rate via YANG MING; subject to vessel space, equipment availability and final carrier confirmation."
Sea,Mundra,Felixstowe,EVERGREEN,PHARMA GENERAL,20GP,USD,2495,2881.72,247,340,2026-06-24,2026-08-08,29,"FCL Pharma General rate via EVERGREEN; subject to vessel space, equipment availability and final carrier confirmation."
Sea,Mundra,Felixstowe,YANG MING,GENERAL CARGO,40GP,USD,3115,3675.7,282,380,2026-07-01,2026-08-15,29,"FCL General Cargo rate via YANG MING; subject to vessel space, equipment availability and final carrier confirmation."
Sea,Mundra,Felixstowe,COSCO,GARMENTS,40HC,USD,3735,4500.67,317,420,2026-07-08,2026-08-22,29,"FCL Garments rate via COSCO; subject to vessel space, equipment availability and final carrier confirmation."
Sea,Mundra,Jebel Ali,YANG MING,GENERAL CARGO,20GP,USD,2435,2873.3,247,370,2026-06-17,2026-08-01,10,"FCL General Cargo rate via YANG MING; subject to vessel space, equipment availability and final carrier confirmation."
Sea,Mundra,Jebel Ali,COSCO,GARMENTS,40GP,USD,3055,3681.27,282,410,2026-06-24,2026-08-08,10,"FCL Garments rate via COSCO; subject to vessel space, equipment availability and final carrier confirmation."
Sea,Mundra,Jebel Ali,MAERSK,TEXTILES,40HC,USD,3675,4152.75,317,450,2026-07-01,2026-08-15,10,"FCL Textiles rate via MAERSK; subject to vessel space, equipment availability and final carrier confirmation."
Sea,Karachi,New York,ONE,PHARMA GENERAL,20GP,USD,2720,3073.6,256,280,2026-07-08,2026-08-22,30,"FCL Pharma General rate via ONE; subject to vessel space, equipment availability and final carrier confirmation."
Sea,Karachi,New York,EVERGREEN,GENERAL CARGO,40GP,USD,3340,3857.7,291,320,2026-06-17,2026-08-01,30,"FCL General Cargo rate via EVERGREEN; subject to vessel space, equipment availability and final carrier confirmation."
Sea,Karachi,New York,YANG MING,GARMENTS,40HC,USD,3960,4672.8,326,360,2026-06-24,2026-08-08,30,"FCL Garments rate via YANG MING; subject to vessel space, equipment availability and final carrier confirmation."
Sea,Karachi,Rotterdam,EVERGREEN,GENERAL CARGO,20GP,USD,2310,2668.05,256,310,2026-07-01,2026-08-15,27,"FCL General Cargo rate via EVERGREEN; subject to vessel space, equipment availability and final carrier confirmation."
Sea,Karachi,Rotterdam,YANG MING,GARMENTS,40GP,USD,2930,3457.4,291,350,2026-07-08,2026-08-22,27,"FCL Garments rate via YANG MING; subject to vessel space, equipment availability and final carrier confirmation."
Sea,Karachi,Rotterdam,COSCO,TEXTILES,40HC,USD,3550,4277.75,326,390,2026-06-17,2026-08-01,27,"FCL Textiles rate via COSCO; subject to vessel space, equipment availability and final carrier confirmation."
Sea,Karachi,Felixstowe,YANG MING,GARMENTS,20GP,USD,2550,3009.0,256,340,2026-06-24,2026-08-08,32,"FCL Garments rate via YANG MING; subject to vessel space, equipment availability and final carrier confirmation."
Sea,Karachi,Felixstowe,COSCO,TEXTILES,40GP,USD,3170,3819.85,291,380,2026-07-01,2026-08-15,32,"FCL Textiles rate via COSCO; subject to vessel space, equipment availability and final carrier confirmation."
Sea,Karachi,Felixstowe,MAERSK,HOME GOODS,40HC,USD,3790,4282.7,326,420,2026-07-08,2026-08-22,32,"FCL Home Goods rate via MAERSK; subject to vessel space, equipment availability and final carrier confirmation."
Sea,Karachi,Jebel Ali,COSCO,TEXTILES,20GP,USD,2490,3000.45,256,370,2026-06-17,2026-08-01,13,"FCL Textiles rate via COSCO; subject to vessel space, equipment availability and final carrier confirmation."
Sea,Karachi,Jebel Ali,MAERSK,HOME GOODS,40GP,USD,3110,3514.3,291,410,2026-06-24,2026-08-08,13,"FCL Home Goods rate via MAERSK; subject to vessel space, equipment availability and final carrier confirmation."
Sea,Karachi,Jebel Ali,MSC,FOOTWEAR,40HC,USD,3730,4308.15,326,450,2026-07-01,2026-08-15,13,"FCL Footwear rate via MSC; subject to vessel space, equipment availability and final carrier confirmation."
Sea,Port Qasim,New York,EVERGREEN,GARMENTS,20GP,USD,2775,3205.12,265,280,2026-07-08,2026-08-22,33,"FCL Garments rate via EVERGREEN; subject to vessel space, equipment availability and final carrier confirmation."
Sea,Port Qasim,New York,YANG MING,TEXTILES,40GP,USD,3395,4006.1,300,320,2026-06-17,2026-08-01,33,"FCL Textiles rate via YANG MING; subject to vessel space, equipment availability and final carrier confirmation."
Sea,Port Qasim,New York,COSCO,HOME GOODS,40HC,USD,4015,4838.07,335,360,2026-06-24,2026-08-08,33,"FCL Home Goods rate via COSCO; subject to vessel space, equipment availability and final carrier confirmation."
Sea,Port Qasim,Rotterdam,YANG MING,TEXTILES,20GP,USD,2365,2790.7,265,310,2026-07-01,2026-08-15,30,"FCL Textiles rate via YANG MING; subject to vessel space, equipment availability and final carrier confirmation."
Sea,Port Qasim,Rotterdam,COSCO,HOME GOODS,40GP,USD,2985,3596.92,300,350,2026-07-08,2026-08-22,30,"FCL Home Goods rate via COSCO; subject to vessel space, equipment availability and final carrier confirmation."
Sea,Port Qasim,Rotterdam,MAERSK,FOOTWEAR,40HC,USD,3605,4073.65,335,390,2026-06-17,2026-08-01,30,"FCL Footwear rate via MAERSK; subject to vessel space, equipment availability and final carrier confirmation."
Sea,Port Qasim,Felixstowe,COSCO,HOME GOODS,20GP,USD,2605,3139.02,265,340,2026-06-24,2026-08-08,11,"FCL Home Goods rate via COSCO; subject to vessel space, equipment availability and final carrier confirmation."
Sea,Port Qasim,Felixstowe,MAERSK,FOOTWEAR,40GP,USD,3225,3644.25,300,380,2026-07-01,2026-08-15,11,"FCL Footwear rate via MAERSK; subject to vessel space, equipment availability and final carrier confirmation."
Sea,Port Qasim,Felixstowe,MSC,TEA,40HC,USD,3845,4440.97,335,420,2026-07-08,2026-08-22,11,"FCL Tea rate via MSC; subject to vessel space, equipment availability and final carrier confirmation."
Sea,Port Qasim,Jebel Ali,MAERSK,FOOTWEAR,20GP,USD,2545,2875.85,265,370,2026-06-17,2026-08-01,16,"FCL Footwear rate via MAERSK; subject to vessel space, equipment availability and final carrier confirmation."
Sea,Port Qasim,Jebel Ali,MSC,TEA,40GP,USD,3165,3655.57,300,410,2026-06-24,2026-08-08,16,"FCL Tea rate via MSC; subject to vessel space, equipment availability and final carrier confirmation."
Sea,Port Qasim,Jebel Ali,CMA CGM,FMCG,40HC,USD,3785,4466.3,335,450,2026-07-01,2026-08-15,16,"FCL Fmcg rate via CMA CGM; subject to vessel space, equipment availability and final carrier confirmation."
Sea,Colombo,New York,YANG MING,HOME GOODS,20GP,USD,2830,3339.4,274,280,2026-07-08,2026-08-22,36,"FCL Home Goods rate via YANG MING; subject to vessel space, equipment availability and final carrier confirmation."
Sea,Colombo,New York,COSCO,FOOTWEAR,40GP,USD,3450,4157.25,309,320,2026-06-17,2026-08-01,36,"FCL Footwear rate via COSCO; subject to vessel space, equipment availability and final carrier confirmation."
Sea,Colombo,New York,MAERSK,TEA,40HC,USD,4070,4599.1,344,360,2026-06-24,2026-08-08,36,"FCL Tea rate via MAERSK; subject to vessel space, equipment availability and final carrier confirmation."
Sea,Colombo,Rotterdam,COSCO,FOOTWEAR,20GP,USD,2420,2916.1,274,310,2026-07-01,2026-08-15,33,"FCL Footwear rate via COSCO; subject to vessel space, equipment availability and final carrier confirmation."
Sea,Colombo,Rotterdam,MAERSK,TEA,40GP,USD,3040,3435.2,309,350,2026-07-08,2026-08-22,33,"FCL Tea rate via MAERSK; subject to vessel space, equipment availability and final carrier confirmation."
Sea,Colombo,Rotterdam,MSC,FMCG,40HC,USD,3660,4227.3,344,390,2026-06-17,2026-08-01,33,"FCL Fmcg rate via MSC; subject to vessel space, equipment availability and final carrier confirmation."
Sea,Colombo,Hamburg,MAERSK,TEA,20GP,USD,2660,3005.8,274,340,2026-06-24,2026-08-08,14,"FCL Tea rate via MAERSK; subject to vessel space, equipment availability and final carrier confirmation."
Sea,Colombo,Hamburg,MSC,FMCG,40GP,USD,3280,3788.4,309,380,2026-07-01,2026-08-15,14,"FCL Fmcg rate via MSC; subject to vessel space, equipment availability and final carrier confirmation."
Sea,Colombo,Hamburg,CMA CGM,AUTO PARTS,40HC,USD,3900,4602.0,344,420,2026-07-08,2026-08-22,14,"FCL Auto Parts rate via CMA CGM; subject to vessel space, equipment availability and final carrier confirmation."
Sea,Colombo,Jeddah,MSC,FMCG,20GP,USD,2600,3003.0,274,370,2026-06-17,2026-08-01,19,"FCL Fmcg rate via MSC; subject to vessel space, equipment availability and final carrier confirmation."
Sea,Colombo,Jeddah,CMA CGM,AUTO PARTS,40GP,USD,3220,3799.6,309,410,2026-06-24,2026-08-08,19,"FCL Auto Parts rate via CMA CGM; subject to vessel space, equipment availability and final carrier confirmation."
Sea,Colombo,Jeddah,HAPAG-LLOYD,ELECTRONICS,40HC,USD,3840,4627.2,344,450,2026-07-01,2026-08-15,19,"FCL Electronics rate via HAPAG-LLOYD; subject to vessel space, equipment availability and final carrier confirmation."
Sea,Hambantota,New York,COSCO,TEA,20GP,USD,2885,3476.42,283,280,2026-07-08,2026-08-22,39,"FCL Tea rate via COSCO; subject to vessel space, equipment availability and final carrier confirmation."
Sea,Hambantota,New York,MAERSK,FMCG,40GP,USD,3505,3960.65,318,320,2026-06-17,2026-08-01,39,"FCL Fmcg rate via MAERSK; subject to vessel space, equipment availability and final carrier confirmation."
Sea,Hambantota,New York,MSC,AUTO PARTS,40HC,USD,4125,4764.37,353,360,2026-06-24,2026-08-08,39,"FCL Auto Parts rate via MSC; subject to vessel space, equipment availability and final carrier confirmation."
Sea,Hambantota,Rotterdam,MAERSK,FMCG,20GP,USD,2475,2796.75,283,310,2026-07-01,2026-08-15,12,"FCL Fmcg rate via MAERSK; subject to vessel space, equipment availability and final carrier confirmation."
Sea,Hambantota,Rotterdam,MSC,AUTO PARTS,40GP,USD,3095,3574.72,318,350,2026-07-08,2026-08-22,12,"FCL Auto Parts rate via MSC; subject to vessel space, equipment availability and final carrier confirmation."
Sea,Hambantota,Rotterdam,CMA CGM,ELECTRONICS,40HC,USD,3715,4383.7,353,390,2026-06-17,2026-08-01,12,"FCL Electronics rate via CMA CGM; subject to vessel space, equipment availability and final carrier confirmation."
Sea,Hambantota,Felixstowe,MSC,AUTO PARTS,20GP,USD,2715,3135.82,283,340,2026-06-24,2026-08-08,17,"FCL Auto Parts rate via MSC; subject to vessel space, equipment availability and final carrier confirmation."
Sea,Hambantota,Felixstowe,CMA CGM,ELECTRONICS,40GP,USD,3335,3935.3,318,380,2026-07-01,2026-08-15,17,"FCL Electronics rate via CMA CGM; subject to vessel space, equipment availability and final carrier confirmation."
Sea,Hambantota,Felixstowe,HAPAG-LLOYD,PHARMA GENERAL,40HC,USD,3955,4765.77,353,420,2026-07-08,2026-08-22,17,"FCL Pharma General rate via HAPAG-LLOYD; subject to vessel space, equipment availability and final carrier confirmation."
Sea,Hambantota,Jebel Ali,CMA CGM,ELECTRONICS,20GP,USD,2655,3132.9,283,370,2026-06-17,2026-08-01,22,"FCL Electronics rate via CMA CGM; subject to vessel space, equipment availability and final carrier confirmation."
Sea,Hambantota,Jebel Ali,HAPAG-LLOYD,PHARMA GENERAL,40GP,USD,3275,3946.37,318,410,2026-06-24,2026-08-08,22,"FCL Pharma General rate via HAPAG-LLOYD; subject to vessel space, equipment availability and final carrier confirmation."
Sea,Hambantota,Jebel Ali,ONE,GENERAL CARGO,40HC,USD,3895,4401.35,353,450,2026-07-01,2026-08-15,22,"FCL General Cargo rate via ONE; subject to vessel space, equipment availability and final carrier confirmation."
Sea,Sihanoukville,New York,MAERSK,AUTO PARTS,20GP,USD,2940,3322.2,292,280,2026-07-08,2026-08-22,18,"FCL Auto Parts rate via MAERSK; subject to vessel space, equipment availability and final carrier confirmation."
Sea,Sihanoukville,New York,MSC,ELECTRONICS,40GP,USD,3560,4111.8,327,320,2026-06-17,2026-08-01,18,"FCL Electronics rate via MSC; subject to vessel space, equipment availability and final carrier confirmation."
Sea,Sihanoukville,New York,CMA CGM,PHARMA GENERAL,40HC,USD,4180,4932.4,362,360,2026-06-24,2026-08-08,18,"FCL Pharma General rate via CMA CGM; subject to vessel space, equipment availability and final carrier confirmation."
Sea,Sihanoukville,Rotterdam,MSC,ELECTRONICS,20GP,USD,2530,2922.15,292,310,2026-07-01,2026-08-15,15,"FCL Electronics rate via MSC; subject to vessel space, equipment availability and final carrier confirmation."
Sea,Sihanoukville,Rotterdam,CMA CGM,PHARMA GENERAL,40GP,USD,3150,3717.0,327,350,2026-07-08,2026-08-22,15,"FCL Pharma General rate via CMA CGM; subject to vessel space, equipment availability and final carrier confirmation."
Sea,Sihanoukville,Rotterdam,HAPAG-LLOYD,GENERAL CARGO,40HC,USD,3770,4542.85,362,390,2026-06-17,2026-08-01,15,"FCL General Cargo rate via HAPAG-LLOYD; subject to vessel space, equipment availability and final carrier confirmation."
Sea,Sihanoukville,Felixstowe,CMA CGM,PHARMA GENERAL,20GP,USD,2770,3268.6,292,340,2026-06-24,2026-08-08,20,"FCL Pharma General rate via CMA CGM; subject to vessel space, equipment availability and final carrier confirmation."
Sea,Sihanoukville,Felixstowe,HAPAG-LLOYD,GENERAL CARGO,40GP,USD,3390,4084.95,327,380,2026-07-01,2026-08-15,20,"FCL General Cargo rate via HAPAG-LLOYD; subject to vessel space, equipment availability and final carrier confirmation."
Sea,Sihanoukville,Felixstowe,ONE,GARMENTS,40HC,USD,4010,4531.3,362,420,2026-07-08,2026-08-22,20,"FCL Garments rate via ONE; subject to vessel space, equipment availability and final carrier confirmation."
Sea,Sihanoukville,Jebel Ali,HAPAG-LLOYD,GENERAL CARGO,20GP,USD,2710,3265.55,292,370,2026-06-17,2026-08-01,25,"FCL General Cargo rate via HAPAG-LLOYD; subject to vessel space, equipment availability and final carrier confirmation."
Sea,Sihanoukville,Jebel Ali,ONE,GARMENTS,40GP,USD,3330,3762.9,327,410,2026-06-24,2026-08-08,25,"FCL Garments rate via ONE; subject to vessel space, equipment availability and final carrier confirmation."
Sea,Sihanoukville,Jebel Ali,EVERGREEN,TEXTILES,40HC,USD,3950,4562.25,362,450,2026-07-01,2026-08-15,25,"FCL Textiles rate via EVERGREEN; subject to vessel space, equipment availability and final carrier confirmation."
Sea,Ho Chi Minh Cat Lai,New York,MSC,PHARMA GENERAL,20GP,USD,2995,3459.22,301,280,2026-07-08,2026-08-22,21,"FCL Pharma General rate via MSC; subject to vessel space, equipment availability and final carrier confirmation."
Sea,Ho Chi Minh Cat Lai,New York,CMA CGM,GENERAL CARGO,40GP,USD,3615,4265.7,336,320,2026-06-17,2026-08-01,21,"FCL General Cargo rate via CMA CGM; subject to vessel space, equipment availability and final carrier confirmation."
Sea,Ho Chi Minh Cat Lai,New York,HAPAG-LLOYD,GARMENTS,40HC,USD,4235,5103.17,371,360,2026-06-24,2026-08-08,21,"FCL Garments rate via HAPAG-LLOYD; subject to vessel space, equipment availability and final carrier confirmation."
Sea,Ho Chi Minh Cat Lai,Rotterdam,CMA CGM,GENERAL CARGO,20GP,USD,2585,3050.3,301,310,2026-07-01,2026-08-15,18,"FCL General Cargo rate via CMA CGM; subject to vessel space, equipment availability and final carrier confirmation."
Sea,Ho Chi Minh Cat Lai,Rotterdam,HAPAG-LLOYD,GARMENTS,40GP,USD,3205,3862.02,336,350,2026-07-08,2026-08-22,18,"FCL Garments rate via HAPAG-LLOYD; subject to vessel space, equipment availability and final carrier confirmation."
Sea,Ho Chi Minh Cat Lai,Rotterdam,ONE,TEXTILES,40HC,USD,3825,4322.25,371,390,2026-06-17,2026-08-01,18,"FCL Textiles rate via ONE; subject to vessel space, equipment availability and final carrier confirmation."
Sea,Ho Chi Minh Cat Lai,Felixstowe,HAPAG-LLOYD,GARMENTS,20GP,USD,2825,3404.12,301,340,2026-06-24,2026-08-08,23,"FCL Garments rate via HAPAG-LLOYD; subject to vessel space, equipment availability and final carrier confirmation."
Sea,Ho Chi Minh Cat Lai,Felixstowe,ONE,TEXTILES,40GP,USD,3445,3892.85,336,380,2026-07-01,2026-08-15,23,"FCL Textiles rate via ONE; subject to vessel space, equipment availability and final carrier confirmation."
Sea,Ho Chi Minh Cat Lai,Felixstowe,EVERGREEN,HOME GOODS,40HC,USD,4065,4695.07,371,420,2026-07-08,2026-08-22,23,"FCL Home Goods rate via EVERGREEN; subject to vessel space, equipment availability and final carrier confirmation."
Sea,Ho Chi Minh Cat Lai,Jebel Ali,ONE,TEXTILES,20GP,USD,2765,3124.45,301,370,2026-06-17,2026-08-01,28,"FCL Textiles rate via ONE; subject to vessel space, equipment availability and final carrier confirmation."
Sea,Ho Chi Minh Cat Lai,Jebel Ali,EVERGREEN,HOME GOODS,40GP,USD,3385,3909.67,336,410,2026-06-24,2026-08-08,28,"FCL Home Goods rate via EVERGREEN; subject to vessel space, equipment availability and final carrier confirmation."
Sea,Ho Chi Minh Cat Lai,Jebel Ali,YANG MING,FOOTWEAR,40HC,USD,4005,4725.9,371,450,2026-07-01,2026-08-15,28,"FCL Footwear rate via YANG MING; subject to vessel space, equipment availability and final carrier confirmation."
Sea,Haiphong,New York,CMA CGM,GARMENTS,20GP,USD,3050,3599.0,310,280,2026-07-08,2026-08-22,24,"FCL Garments rate via CMA CGM; subject to vessel space, equipment availability and final carrier confirmation."
Sea,Haiphong,New York,HAPAG-LLOYD,TEXTILES,40GP,USD,3670,4422.35,345,320,2026-06-17,2026-08-01,24,"FCL Textiles rate via HAPAG-LLOYD; subject to vessel space, equipment availability and final carrier confirmation."
Sea,Haiphong,New York,ONE,HOME GOODS,40HC,USD,4290,4847.7,380,360,2026-06-24,2026-08-08,24,"FCL Home Goods rate via ONE; subject to vessel space, equipment availability and final carrier confirmation."
Sea,Haiphong,Rotterdam,HAPAG-LLOYD,TEXTILES,20GP,USD,2640,3181.2,310,310,2026-07-01,2026-08-15,21,"FCL Textiles rate via HAPAG-LLOYD; subject to vessel space, equipment availability and final carrier confirmation."
Sea,Haiphong,Rotterdam,ONE,HOME GOODS,40GP,USD,3260,3683.8,345,350,2026-07-08,2026-08-22,21,"FCL Home Goods rate via ONE; subject to vessel space, equipment availability and final carrier confirmation."
Sea,Haiphong,Rotterdam,EVERGREEN,FOOTWEAR,40HC,USD,3880,4481.4,380,390,2026-06-17,2026-08-01,21,"FCL Footwear rate via EVERGREEN; subject to vessel space, equipment availability and final carrier confirmation."
Sea,Haiphong,Felixstowe,ONE,HOME GOODS,20GP,USD,2880,3254.4,310,340,2026-06-24,2026-08-08,26,"FCL Home Goods rate via ONE; subject to vessel space, equipment availability and final carrier confirmation."
Sea,Haiphong,Felixstowe,EVERGREEN,FOOTWEAR,40GP,USD,3500,4042.5,345,380,2026-07-01,2026-08-15,26,"FCL Footwear rate via EVERGREEN; subject to vessel space, equipment availability and final carrier confirmation."
Sea,Haiphong,Felixstowe,YANG MING,TEA,40HC,USD,4120,4861.6,380,420,2026-07-08,2026-08-22,26,"FCL Tea rate via YANG MING; subject to vessel space, equipment availability and final carrier confirmation."
Sea,Haiphong,Jebel Ali,EVERGREEN,FOOTWEAR,20GP,USD,2820,3257.1,310,370,2026-06-17,2026-08-01,31,"FCL Footwear rate via EVERGREEN; subject to vessel space, equipment availability and final carrier confirmation."
Sea,Haiphong,Jebel Ali,YANG MING,TEA,40GP,USD,3440,4059.2,345,410,2026-06-24,2026-08-08,31,"FCL Tea rate via YANG MING; subject to vessel space, equipment availability and final carrier confirmation."
Sea,Haiphong,Jebel Ali,COSCO,FMCG,40HC,USD,4060,4892.3,380,450,2026-07-01,2026-08-15,31,"FCL Fmcg rate via COSCO; subject to vessel space, equipment availability and final carrier confirmation."
Sea,Shanghai,New York,HAPAG-LLOYD,HOME GOODS,20GP,USD,3105,3741.52,319,280,2026-07-08,2026-08-22,27,"FCL Home Goods rate via HAPAG-LLOYD; subject to vessel space, equipment availability and final carrier confirmation."
Sea,Shanghai,New York,ONE,FOOTWEAR,40GP,USD,3725,4209.25,354,320,2026-06-17,2026-08-01,27,"FCL Footwear rate via ONE; subject to vessel space, equipment availability and final carrier confirmation."
Sea,Shanghai,New York,EVERGREEN,TEA,40HC,USD,4345,5018.47,389,360,2026-06-24,2026-08-08,27,"FCL Tea rate via EVERGREEN; subject to vessel space, equipment availability and final carrier confirmation."
Sea,Shanghai,Rotterdam,ONE,FOOTWEAR,20GP,USD,2695,3045.35,319,310,2026-07-01,2026-08-15,24,"FCL Footwear rate via ONE; subject to vessel space, equipment availability and final carrier confirmation."
Sea,Shanghai,Rotterdam,EVERGREEN,TEA,40GP,USD,3315,3828.82,354,350,2026-07-08,2026-08-22,24,"FCL Tea rate via EVERGREEN; subject to vessel space, equipment availability and final carrier confirmation."
Sea,Shanghai,Rotterdam,YANG MING,FMCG,40HC,USD,3935,4643.3,389,390,2026-06-17,2026-08-01,24,"FCL Fmcg rate via YANG MING; subject to vessel space, equipment availability and final carrier confirmation."
Sea,Shanghai,Felixstowe,EVERGREEN,TEA,20GP,USD,2935,3389.92,319,340,2026-06-24,2026-08-08,29,"FCL Tea rate via EVERGREEN; subject to vessel space, equipment availability and final carrier confirmation."
Sea,Shanghai,Felixstowe,YANG MING,FMCG,40GP,USD,3555,4194.9,354,380,2026-07-01,2026-08-15,29,"FCL Fmcg rate via YANG MING; subject to vessel space, equipment availability and final carrier confirmation."
Sea,Shanghai,Felixstowe,COSCO,AUTO PARTS,40HC,USD,4175,5030.87,389,420,2026-07-08,2026-08-22,29,"FCL Auto Parts rate via COSCO; subject to vessel space, equipment availability and final carrier confirmation."
Sea,Shanghai,Jebel Ali,YANG MING,FMCG,20GP,USD,2875,3392.5,319,370,2026-06-17,2026-08-01,10,"FCL Fmcg rate via YANG MING; subject to vessel space, equipment availability and final carrier confirmation."
Sea,Shanghai,Jebel Ali,COSCO,AUTO PARTS,40GP,USD,3495,4211.47,354,410,2026-06-24,2026-08-08,10,"FCL Auto Parts rate via COSCO; subject to vessel space, equipment availability and final carrier confirmation."
Sea,Shanghai,Jebel Ali,MAERSK,ELECTRONICS,40HC,USD,4115,4649.95,389,450,2026-07-01,2026-08-15,10,"FCL Electronics rate via MAERSK; subject to vessel space, equipment availability and final carrier confirmation."
Sea,Ningbo,New York,ONE,TEA,20GP,USD,3160,3570.8,328,280,2026-07-08,2026-08-22,30,"FCL Tea rate via ONE; subject to vessel space, equipment availability and final carrier confirmation."
Sea,Ningbo,New York,EVERGREEN,FMCG,40GP,USD,3780,4365.9,363,320,2026-06-17,2026-08-01,30,"FCL Fmcg rate via EVERGREEN; subject to vessel space, equipment availability and final carrier confirmation."
Sea,Ningbo,New York,YANG MING,AUTO PARTS,40HC,USD,4400,5192.0,398,360,2026-06-24,2026-08-08,30,"FCL Auto Parts rate via YANG MING; subject to vessel space, equipment availability and final carrier confirmation."
Sea,Ningbo,Rotterdam,EVERGREEN,FMCG,20GP,USD,2750,3176.25,328,310,2026-07-01,2026-08-15,27,"FCL Fmcg rate via EVERGREEN; subject to vessel space, equipment availability and final carrier confirmation."
Sea,Ningbo,Rotterdam,YANG MING,AUTO PARTS,40GP,USD,3370,3976.6,363,350,2026-07-08,2026-08-22,27,"FCL Auto Parts rate via YANG MING; subject to vessel space, equipment availability and final carrier confirmation."
Sea,Ningbo,Rotterdam,COSCO,ELECTRONICS,40HC,USD,3990,4807.95,398,390,2026-06-17,2026-08-01,27,"FCL Electronics rate via COSCO; subject to vessel space, equipment availability and final carrier confirmation."
Sea,Ningbo,Felixstowe,YANG MING,AUTO PARTS,20GP,USD,2990,3528.2,328,340,2026-06-24,2026-08-08,32,"FCL Auto Parts rate via YANG MING; subject to vessel space, equipment availability and final carrier confirmation."
Sea,Ningbo,Felixstowe,COSCO,ELECTRONICS,40GP,USD,3610,4350.05,363,380,2026-07-01,2026-08-15,32,"FCL Electronics rate via COSCO; subject to vessel space, equipment availability and final carrier confirmation."
Sea,Ningbo,Felixstowe,MAERSK,PHARMA GENERAL,40HC,USD,4230,4779.9,398,420,2026-07-08,2026-08-22,32,"FCL Pharma General rate via MAERSK; subject to vessel space, equipment availability and final carrier confirmation."
Sea,Ningbo,Jebel Ali,COSCO,ELECTRONICS,20GP,USD,2930,3530.65,328,370,2026-06-17,2026-08-01,13,"FCL Electronics rate via COSCO; subject to vessel space, equipment availability and final carrier confirmation."
Sea,Ningbo,Jebel Ali,MAERSK,PHARMA GENERAL,40GP,USD,3550,4011.5,363,410,2026-06-24,2026-08-08,13,"FCL Pharma General rate via MAERSK; subject to vessel space, equipment availability and final carrier confirmation."
Sea,Ningbo,Jebel Ali,MSC,GENERAL CARGO,40HC,USD,4170,4816.35,398,450,2026-07-01,2026-08-15,13,"FCL General Cargo rate via MSC; subject to vessel space, equipment availability and final carrier confirmation."
Sea,Qingdao,New York,EVERGREEN,AUTO PARTS,20GP,USD,3215,3713.32,337,280,2026-07-08,2026-08-22,33,"FCL Auto Parts rate via EVERGREEN; subject to vessel space, equipment availability and final carrier confirmation."
Sea,Qingdao,New York,YANG MING,ELECTRONICS,40GP,USD,3835,4525.3,372,320,2026-06-17,2026-08-01,33,"FCL Electronics rate via YANG MING; subject to vessel space, equipment availability and final carrier confirmation."
Sea,Qingdao,New York,COSCO,PHARMA GENERAL,40HC,USD,4455,5368.27,407,360,2026-06-24,2026-08-08,33,"FCL Pharma General rate via COSCO; subject to vessel space, equipment availability and final carrier confirmation."
Sea,Qingdao,Rotterdam,YANG MING,ELECTRONICS,20GP,USD,2805,3309.9,337,310,2026-07-01,2026-08-15,30,"FCL Electronics rate via YANG MING; subject to vessel space, equipment availability and final carrier confirmation."
Sea,Qingdao,Rotterdam,COSCO,PHARMA GENERAL,40GP,USD,3425,4127.12,372,350,2026-07-08,2026-08-22,30,"FCL Pharma General rate via COSCO; subject to vessel space, equipment availability and final carrier confirmation."
Sea,Qingdao,Rotterdam,MAERSK,GENERAL CARGO,40HC,USD,4045,4570.85,407,390,2026-06-17,2026-08-01,30,"FCL General Cargo rate via MAERSK; subject to vessel space, equipment availability and final carrier confirmation."
Sea,Qingdao,Felixstowe,COSCO,PHARMA GENERAL,20GP,USD,3045,3669.22,337,340,2026-06-24,2026-08-08,11,"FCL Pharma General rate via COSCO; subject to vessel space, equipment availability and final carrier confirmation."
Sea,Qingdao,Felixstowe,MAERSK,GENERAL CARGO,40GP,USD,3665,4141.45,372,380,2026-07-01,2026-08-15,11,"FCL General Cargo rate via MAERSK; subject to vessel space, equipment availability and final carrier confirmation."
Sea,Qingdao,Felixstowe,MSC,GARMENTS,40HC,USD,4285,4949.17,407,420,2026-07-08,2026-08-22,11,"FCL Garments rate via MSC; subject to vessel space, equipment availability and final carrier confirmation."
Sea,Qingdao,Jebel Ali,MAERSK,GENERAL CARGO,20GP,USD,2985,3373.05,337,370,2026-06-17,2026-08-01,16,"FCL General Cargo rate via MAERSK; subject to vessel space, equipment availability and final carrier confirmation."
Sea,Qingdao,Jebel Ali,MSC,GARMENTS,40GP,USD,3605,4163.77,372,410,2026-06-24,2026-08-08,16,"FCL Garments rate via MSC; subject to vessel space, equipment availability and final carrier confirmation."
Sea,Qingdao,Jebel Ali,CMA CGM,TEXTILES,40HC,USD,4225,4985.5,407,450,2026-07-01,2026-08-15,16,"FCL Textiles rate via CMA CGM; subject to vessel space, equipment availability and final carrier confirmation."
Sea,Shekou,New York,YANG MING,PHARMA GENERAL,20GP,USD,3270,3858.6,346,280,2026-07-08,2026-08-22,36,"FCL Pharma General rate via YANG MING; subject to vessel space, equipment availability and final carrier confirmation."
Sea,Shekou,New York,COSCO,GENERAL CARGO,40GP,USD,3890,4687.45,381,320,2026-06-17,2026-08-01,36,"FCL General Cargo rate via COSCO; subject to vessel space, equipment availability and final carrier confirmation."
Sea,Shekou,New York,MAERSK,GARMENTS,40HC,USD,4510,5096.3,416,360,2026-06-24,2026-08-08,36,"FCL Garments rate via MAERSK; subject to vessel space, equipment availability and final carrier confirmation."
Sea,Shekou,Rotterdam,COSCO,GENERAL CARGO,20GP,USD,2860,3446.3,346,310,2026-07-01,2026-08-15,33,"FCL General Cargo rate via COSCO; subject to vessel space, equipment availability and final carrier confirmation."
Sea,Shekou,Rotterdam,MAERSK,GARMENTS,40GP,USD,3480,3932.4,381,350,2026-07-08,2026-08-22,33,"FCL Garments rate via MAERSK; subject to vessel space, equipment availability and final carrier confirmation."
Sea,Shekou,Rotterdam,MSC,TEXTILES,40HC,USD,4100,4735.5,416,390,2026-06-17,2026-08-01,33,"FCL Textiles rate via MSC; subject to vessel space, equipment availability and final carrier confirmation."
Sea,Shekou,Felixstowe,MAERSK,GARMENTS,20GP,USD,3100,3503.0,346,340,2026-06-24,2026-08-08,14,"FCL Garments rate via MAERSK; subject to vessel space, equipment availability and final carrier confirmation."
Sea,Shekou,Felixstowe,MSC,TEXTILES,40GP,USD,3720,4296.6,381,380,2026-07-01,2026-08-15,14,"FCL Textiles rate via MSC; subject to vessel space, equipment availability and final carrier confirmation."
Sea,Shekou,Felixstowe,CMA CGM,HOME GOODS,40HC,USD,4340,5121.2,416,420,2026-07-08,2026-08-22,14,"FCL Home Goods rate via CMA CGM; subject to vessel space, equipment availability and final carrier confirmation."
Sea,Shekou,Jebel Ali,MSC,TEXTILES,20GP,USD,3040,3511.2,346,370,2026-06-17,2026-08-01,19,"FCL Textiles rate via MSC; subject to vessel space, equipment availability and final carrier confirmation."
Sea,Shekou,Jebel Ali,CMA CGM,HOME GOODS,40GP,USD,3660,4318.8,381,410,2026-06-24,2026-08-08,19,"FCL Home Goods rate via CMA CGM; subject to vessel space, equipment availability and final carrier confirmation."
Sea,Shekou,Jebel Ali,HAPAG-LLOYD,FOOTWEAR,40HC,USD,4280,5157.4,416,450,2026-07-01,2026-08-15,19,"FCL Footwear rate via HAPAG-LLOYD; subject to vessel space, equipment availability and final carrier confirmation."
Sea,Singapore,New York,COSCO,GARMENTS,20GP,USD,3325,4006.62,355,280,2026-07-08,2026-08-22,39,"FCL Garments rate via COSCO; subject to vessel space, equipment availability and final carrier confirmation."
Sea,Singapore,New York,MAERSK,TEXTILES,40GP,USD,3945,4457.85,390,320,2026-06-17,2026-08-01,39,"FCL Textiles rate via MAERSK; subject to vessel space, equipment availability and final carrier confirmation."
Sea,Singapore,New York,MSC,HOME GOODS,40HC,USD,4565,5272.57,425,360,2026-06-24,2026-08-08,39,"FCL Home Goods rate via MSC; subject to vessel space, equipment availability and final carrier confirmation."
Sea,Singapore,Rotterdam,MAERSK,TEXTILES,20GP,USD,2915,3293.95,355,310,2026-07-01,2026-08-15,12,"FCL Textiles rate via MAERSK; subject to vessel space, equipment availability and final carrier confirmation."
Sea,Singapore,Rotterdam,MSC,HOME GOODS,40GP,USD,3535,4082.92,390,350,2026-07-08,2026-08-22,12,"FCL Home Goods rate via MSC; subject to vessel space, equipment availability and final carrier confirmation."
Sea,Singapore,Rotterdam,CMA CGM,FOOTWEAR,40HC,USD,4155,4902.9,425,390,2026-06-17,2026-08-01,12,"FCL Footwear rate via CMA CGM; subject to vessel space, equipment availability and final carrier confirmation."
Sea,Singapore,Hamburg,MSC,HOME GOODS,20GP,USD,3155,3644.02,355,340,2026-06-24,2026-08-08,17,"FCL Home Goods rate via MSC; subject to vessel space, equipment availability and final carrier confirmation."
Sea,Singapore,Hamburg,CMA CGM,FOOTWEAR,40GP,USD,3775,4454.5,390,380,2026-07-01,2026-08-15,17,"FCL Footwear rate via CMA CGM; subject to vessel space, equipment availability and final carrier confirmation."
Sea,Singapore,Hamburg,HAPAG-LLOYD,TEA,40HC,USD,4395,5295.97,425,420,2026-07-08,2026-08-22,17,"FCL Tea rate via HAPAG-LLOYD; subject to vessel space, equipment availability and final carrier confirmation."
Sea,Singapore,Jeddah,CMA CGM,FOOTWEAR,20GP,USD,3095,3652.1,355,370,2026-06-17,2026-08-01,22,"FCL Footwear rate via CMA CGM; subject to vessel space, equipment availability and final carrier confirmation."
Sea,Singapore,Jeddah,HAPAG-LLOYD,TEA,40GP,USD,3715,4476.57,390,410,2026-06-24,2026-08-08,22,"FCL Tea rate via HAPAG-LLOYD; subject to vessel space, equipment availability and final carrier confirmation."
Sea,Singapore,Jeddah,ONE,FMCG,40HC,USD,4335,4898.55,425,450,2026-07-01,2026-08-15,22,"FCL Fmcg rate via ONE; subject to vessel space, equipment availability and final carrier confirmation."
Sea,Jebel Ali,New York,MAERSK,HOME GOODS,20GP,USD,3380,3819.4,364,280,2026-07-08,2026-08-22,18,"FCL Home Goods rate via MAERSK; subject to vessel space, equipment availability and final carrier confirmation."
Sea,Jebel Ali,New York,MSC,FOOTWEAR,40GP,USD,4000,4620.0,399,320,2026-06-17,2026-08-01,18,"FCL Footwear rate via MSC; subject to vessel space, equipment availability and final carrier confirmation."
Sea,Jebel Ali,New York,CMA CGM,TEA,40HC,USD,4620,5451.6,434,360,2026-06-24,2026-08-08,18,"FCL Tea rate via CMA CGM; subject to vessel space, equipment availability and final carrier confirmation."
Sea,Jebel Ali,Rotterdam,MSC,FOOTWEAR,20GP,USD,2970,3430.35,364,310,2026-07-01,2026-08-15,15,"FCL Footwear rate via MSC; subject to vessel space, equipment availability and final carrier confirmation."
Sea,Jebel Ali,Rotterdam,CMA CGM,TEA,40GP,USD,3590,4236.2,399,350,2026-07-08,2026-08-22,15,"FCL Tea rate via CMA CGM; subject to vessel space, equipment availability and final carrier confirmation."
Sea,Jebel Ali,Rotterdam,HAPAG-LLOYD,FMCG,40HC,USD,4210,5073.05,434,390,2026-06-17,2026-08-01,15,"FCL Fmcg rate via HAPAG-LLOYD; subject to vessel space, equipment availability and final carrier confirmation."
Sea,Jebel Ali,Hamburg,CMA CGM,TEA,20GP,USD,3210,3787.8,364,340,2026-06-24,2026-08-08,20,"FCL Tea rate via CMA CGM; subject to vessel space, equipment availability and final carrier confirmation."
Sea,Jebel Ali,Hamburg,HAPAG-LLOYD,FMCG,40GP,USD,3830,4615.15,399,380,2026-07-01,2026-08-15,20,"FCL Fmcg rate via HAPAG-LLOYD; subject to vessel space, equipment availability and final carrier confirmation."
Sea,Jebel Ali,Hamburg,ONE,AUTO PARTS,40HC,USD,4450,5028.5,434,420,2026-07-08,2026-08-22,20,"FCL Auto Parts rate via ONE; subject to vessel space, equipment availability and final carrier confirmation."
Sea,Jebel Ali,Jeddah,HAPAG-LLOYD,FMCG,20GP,USD,3150,3795.75,364,370,2026-06-17,2026-08-01,25,"FCL Fmcg rate via HAPAG-LLOYD; subject to vessel space, equipment availability and final carrier confirmation."
Sea,Jebel Ali,Jeddah,ONE,AUTO PARTS,40GP,USD,3770,4260.1,399,410,2026-06-24,2026-08-08,25,"FCL Auto Parts rate via ONE; subject to vessel space, equipment availability and final carrier confirmation."
Sea,Jebel Ali,Jeddah,EVERGREEN,ELECTRONICS,40HC,USD,4390,5070.45,434,450,2026-07-01,2026-08-15,25,"FCL Electronics rate via EVERGREEN; subject to vessel space, equipment availability and final carrier confirmation."
Sea,Nhava Sheva,New York,MAERSK,GARMENTS,CBM,USD,58,71.92,18,22,2026-07-08,2026-08-22,18,LCL Garments rate via MAERSK; priced per CBM and subject to consolidation schedule and minimum charge.
Sea,Nhava Sheva,New York,MAERSK,TEXTILES,CBM,USD,59,73.16,18,22,2026-06-17,2026-08-01,18,LCL Textiles rate via MAERSK; priced per CBM and subject to consolidation schedule and minimum charge.
Sea,Nhava Sheva,New York,CMA CGM,HOME GOODS,CBM,USD,60,74.4,18,22,2026-06-24,2026-08-08,18,LCL Home Goods rate via CMA CGM; priced per CBM and subject to consolidation schedule and minimum charge.
Sea,Chattogram,New York,MSC,GARMENTS,CBM,USD,61,75.64,19,23,2026-07-01,2026-08-15,19,LCL Garments rate via MSC; priced per CBM and subject to consolidation schedule and minimum charge.
Sea,Chattogram,New York,MSC,TEXTILES,CBM,USD,62,76.88,19,23,2026-07-08,2026-08-22,19,LCL Textiles rate via MSC; priced per CBM and subject to consolidation schedule and minimum charge.
Sea,Chattogram,New York,HAPAG-LLOYD,HOME GOODS,CBM,USD,63,78.12,19,23,2026-06-17,2026-08-01,19,LCL Home Goods rate via HAPAG-LLOYD; priced per CBM and subject to consolidation schedule and minimum charge.
Sea,Mongla,Felixstowe,CMA CGM,GARMENTS,CBM,USD,64,79.36,20,24,2026-06-24,2026-08-08,20,LCL Garments rate via CMA CGM; priced per CBM and subject to consolidation schedule and minimum charge.
Sea,Mongla,Felixstowe,CMA CGM,TEXTILES,CBM,USD,65,80.6,20,24,2026-07-01,2026-08-15,20,LCL Textiles rate via CMA CGM; priced per CBM and subject to consolidation schedule and minimum charge.
Sea,Mongla,Felixstowe,ONE,HOME GOODS,CBM,USD,66,81.84,20,24,2026-07-08,2026-08-22,20,LCL Home Goods rate via ONE; priced per CBM and subject to consolidation schedule and minimum charge.
Sea,Karachi,Rotterdam,HAPAG-LLOYD,GARMENTS,CBM,USD,67,83.08,21,25,2026-06-17,2026-08-01,21,LCL Garments rate via HAPAG-LLOYD; priced per CBM and subject to consolidation schedule and minimum charge.
Sea,Karachi,Rotterdam,HAPAG-LLOYD,TEXTILES,CBM,USD,68,84.32,21,25,2026-06-24,2026-08-08,21,LCL Textiles rate via HAPAG-LLOYD; priced per CBM and subject to consolidation schedule and minimum charge.
Sea,Karachi,Rotterdam,EVERGREEN,HOME GOODS,CBM,USD,69,85.56,21,25,2026-07-01,2026-08-15,21,LCL Home Goods rate via EVERGREEN; priced per CBM and subject to consolidation schedule and minimum charge.
Sea,Colombo,Hamburg,ONE,GARMENTS,CBM,USD,70,86.8,22,26,2026-07-08,2026-08-22,22,LCL Garments rate via ONE; priced per CBM and subject to consolidation schedule and minimum charge.
Sea,Colombo,Hamburg,ONE,TEXTILES,CBM,USD,71,88.04,22,26,2026-06-17,2026-08-01,22,LCL Textiles rate via ONE; priced per CBM and subject to consolidation schedule and minimum charge.
Sea,Colombo,Hamburg,YANG MING,HOME GOODS,CBM,USD,72,89.28,22,26,2026-06-24,2026-08-08,22,LCL Home Goods rate via YANG MING; priced per CBM and subject to consolidation schedule and minimum charge.
Sea,Sihanoukville,Long Beach,EVERGREEN,GARMENTS,CBM,USD,73,90.52,23,27,2026-07-01,2026-08-15,23,LCL Garments rate via EVERGREEN; priced per CBM and subject to consolidation schedule and minimum charge.
Sea,Sihanoukville,Long Beach,EVERGREEN,TEXTILES,CBM,USD,74,91.76,23,27,2026-07-08,2026-08-22,23,LCL Textiles rate via EVERGREEN; priced per CBM and subject to consolidation schedule and minimum charge.
Sea,Sihanoukville,Long Beach,COSCO,HOME GOODS,CBM,USD,75,93.0,23,27,2026-06-17,2026-08-01,23,LCL Home Goods rate via COSCO; priced per CBM and subject to consolidation schedule and minimum charge.
Sea,Ho Chi Minh Cat Lai,New York,YANG MING,GARMENTS,CBM,USD,76,94.24,24,28,2026-06-24,2026-08-08,24,LCL Garments rate via YANG MING; priced per CBM and subject to consolidation schedule and minimum charge.
Sea,Ho Chi Minh Cat Lai,New York,YANG MING,TEXTILES,CBM,USD,77,95.48,24,28,2026-07-01,2026-08-15,24,LCL Textiles rate via YANG MING; priced per CBM and subject to consolidation schedule and minimum charge.
Sea,Ho Chi Minh Cat Lai,New York,MAERSK,HOME GOODS,CBM,USD,78,96.72,24,28,2026-07-08,2026-08-22,24,LCL Home Goods rate via MAERSK; priced per CBM and subject to consolidation schedule and minimum charge.
Sea,Haiphong,Rotterdam,COSCO,GARMENTS,CBM,USD,79,97.96,25,29,2026-06-17,2026-08-01,25,LCL Garments rate via COSCO; priced per CBM and subject to consolidation schedule and minimum charge.
Sea,Haiphong,Rotterdam,COSCO,TEXTILES,CBM,USD,80,99.2,25,29,2026-06-24,2026-08-08,25,LCL Textiles rate via COSCO; priced per CBM and subject to consolidation schedule and minimum charge.
Sea,Haiphong,Rotterdam,MSC,HOME GOODS,CBM,USD,81,100.44,25,29,2026-07-01,2026-08-15,25,LCL Home Goods rate via MSC; priced per CBM and subject to consolidation schedule and minimum charge.
Sea,Shanghai,Jebel Ali,MAERSK,GARMENTS,CBM,USD,82,101.68,26,30,2026-07-08,2026-08-22,26,LCL Garments rate via MAERSK; priced per CBM and subject to consolidation schedule and minimum charge.
Sea,Shanghai,Jebel Ali,MAERSK,TEXTILES,CBM,USD,83,102.92,26,30,2026-06-17,2026-08-01,26,LCL Textiles rate via MAERSK; priced per CBM and subject to consolidation schedule and minimum charge.
Sea,Shanghai,Jebel Ali,CMA CGM,HOME GOODS,CBM,USD,84,104.16,26,30,2026-06-24,2026-08-08,26,LCL Home Goods rate via CMA CGM; priced per CBM and subject to consolidation schedule and minimum charge.
Sea,Ningbo,New York,MSC,GARMENTS,CBM,USD,85,105.4,27,31,2026-07-01,2026-08-15,27,LCL Garments rate via MSC; priced per CBM and subject to consolidation schedule and minimum charge.
Sea,Ningbo,New York,MSC,TEXTILES,CBM,USD,86,106.64,27,31,2026-07-08,2026-08-22,27,LCL Textiles rate via MSC; priced per CBM and subject to consolidation schedule and minimum charge.
Sea,Ningbo,New York,HAPAG-LLOYD,HOME GOODS,CBM,USD,87,107.88,27,31,2026-06-17,2026-08-01,27,LCL Home Goods rate via HAPAG-LLOYD; priced per CBM and subject to consolidation schedule and minimum charge.
Sea,Singapore,Jeddah,CMA CGM,GARMENTS,CBM,USD,88,109.12,28,32,2026-06-24,2026-08-08,28,LCL Garments rate via CMA CGM; priced per CBM and subject to consolidation schedule and minimum charge.
Sea,Singapore,Jeddah,CMA CGM,TEXTILES,CBM,USD,89,110.36,28,32,2026-07-01,2026-08-15,28,LCL Textiles rate via CMA CGM; priced per CBM and subject to consolidation schedule and minimum charge.
Sea,Singapore,Jeddah,ONE,HOME GOODS,CBM,USD,90,111.6,28,32,2026-07-08,2026-08-22,28,LCL Home Goods rate via ONE; priced per CBM and subject to consolidation schedule and minimum charge.
Sea,Jebel Ali,Alexandria,HAPAG-LLOYD,GARMENTS,CBM,USD,91,112.84,29,33,2026-06-17,2026-08-01,29,LCL Garments rate via HAPAG-LLOYD; priced per CBM and subject to consolidation schedule and minimum charge.
Sea,Jebel Ali,Alexandria,HAPAG-LLOYD,TEXTILES,CBM,USD,92,114.08,29,33,2026-06-24,2026-08-08,29,LCL Textiles rate via HAPAG-LLOYD; priced per CBM and subject to consolidation schedule and minimum charge.
Sea,Jebel Ali,Alexandria,EVERGREEN,HOME GOODS,CBM,USD,93,115.32,29,33,2026-07-01,2026-08-15,29,LCL Home Goods rate via EVERGREEN; priced per CBM and subject to consolidation schedule and minimum charge.
Air,DAC,JFK,Emirates SkyCargo,GARMENTS,KG,USD,3.35,3.95,0.25,0.35,2026-07-08,2026-08-22,2,Air freight Garments rate via Emirates SkyCargo; priced per chargeable kg and subject to airline capacity and security screening.
Air,DAC,LAX,Qatar Airways Cargo,HOME GOODS,KG,USD,3.57,4.32,0.25,0.35,2026-06-17,2026-08-01,3,Air freight Home Goods rate via Qatar Airways Cargo; priced per chargeable kg and subject to airline capacity and security screening.
Air,DAC,LHR,Turkish Cargo,TEA,KG,USD,3.09,3.83,0.25,0.35,2026-06-24,2026-08-08,4,Air freight Tea rate via Turkish Cargo; priced per chargeable kg and subject to airline capacity and security screening.
Air,DAC,FRA,Etihad Cargo,AUTO PARTS,KG,USD,3.31,3.91,0.25,0.35,2026-07-01,2026-08-15,5,Air freight Auto Parts rate via Etihad Cargo; priced per chargeable kg and subject to airline capacity and security screening.
Air,DAC,DXB,Cathay Cargo,PHARMA GENERAL,KG,USD,3.53,4.27,0.25,0.35,2026-07-08,2026-08-22,2,Air freight Pharma General rate via Cathay Cargo; priced per chargeable kg and subject to airline capacity and security screening.
Air,DAC,JED,Singapore Airlines Cargo,GARMENTS,KG,USD,3.75,4.65,0.25,0.35,2026-06-17,2026-08-01,3,Air freight Garments rate via Singapore Airlines Cargo; priced per chargeable kg and subject to airline capacity and security screening.
Air,CGP,JFK,Qatar Airways Cargo,TEXTILES,KG,USD,3.43,4.15,0.25,0.35,2026-06-24,2026-08-08,3,Air freight Textiles rate via Qatar Airways Cargo; priced per chargeable kg and subject to airline capacity and security screening.
Air,CGP,LAX,Turkish Cargo,FOOTWEAR,KG,USD,3.65,4.53,0.25,0.35,2026-07-01,2026-08-15,4,Air freight Footwear rate via Turkish Cargo; priced per chargeable kg and subject to airline capacity and security screening.
Air,CGP,LHR,Etihad Cargo,FMCG,KG,USD,3.17,3.74,0.25,0.35,2026-07-08,2026-08-22,5,Air freight Fmcg rate via Etihad Cargo; priced per chargeable kg and subject to airline capacity and security screening.
Air,CGP,FRA,Cathay Cargo,ELECTRONICS,KG,USD,3.39,4.1,0.25,0.35,2026-06-17,2026-08-01,2,Air freight Electronics rate via Cathay Cargo; priced per chargeable kg and subject to airline capacity and security screening.
Air,CGP,DXB,Singapore Airlines Cargo,GENERAL CARGO,KG,USD,3.61,4.48,0.25,0.35,2026-06-24,2026-08-08,3,Air freight General Cargo rate via Singapore Airlines Cargo; priced per chargeable kg and subject to airline capacity and security screening.
Air,CGP,JED,DHL Aviation,TEXTILES,KG,USD,3.83,4.52,0.25,0.35,2026-07-01,2026-08-15,4,Air freight Textiles rate via DHL Aviation; priced per chargeable kg and subject to airline capacity and security screening.
Air,BOM,JFK,Turkish Cargo,HOME GOODS,KG,USD,3.51,4.35,0.25,0.35,2026-07-08,2026-08-22,4,Air freight Home Goods rate via Turkish Cargo; priced per chargeable kg and subject to airline capacity and security screening.
Air,BOM,LAX,Etihad Cargo,TEA,KG,USD,3.73,4.4,0.25,0.35,2026-06-17,2026-08-01,5,Air freight Tea rate via Etihad Cargo; priced per chargeable kg and subject to airline capacity and security screening.
Air,BOM,LHR,Cathay Cargo,AUTO PARTS,KG,USD,3.25,3.93,0.25,0.35,2026-06-24,2026-08-08,2,Air freight Auto Parts rate via Cathay Cargo; priced per chargeable kg and subject to airline capacity and security screening.
Air,BOM,FRA,Singapore Airlines Cargo,PHARMA GENERAL,KG,USD,3.47,4.3,0.25,0.35,2026-07-01,2026-08-15,3,Air freight Pharma General rate via Singapore Airlines Cargo; priced per chargeable kg and subject to airline capacity and security screening.
Air,BOM,DXB,DHL Aviation,GARMENTS,KG,USD,3.69,4.35,0.25,0.35,2026-07-08,2026-08-22,4,Air freight Garments rate via DHL Aviation; priced per chargeable kg and subject to airline capacity and security screening.
Air,BOM,JED,Air India Cargo,HOME GOODS,KG,USD,3.91,4.73,0.25,0.35,2026-06-17,2026-08-01,5,Air freight Home Goods rate via Air India Cargo; priced per chargeable kg and subject to airline capacity and security screening.
Air,DEL,JFK,Etihad Cargo,FOOTWEAR,KG,USD,3.59,4.24,0.25,0.35,2026-06-24,2026-08-08,5,Air freight Footwear rate via Etihad Cargo; priced per chargeable kg and subject to airline capacity and security screening.
Air,DEL,LAX,Cathay Cargo,FMCG,KG,USD,3.81,4.61,0.25,0.35,2026-07-01,2026-08-15,2,Air freight Fmcg rate via Cathay Cargo; priced per chargeable kg and subject to airline capacity and security screening.
Air,DEL,LHR,Singapore Airlines Cargo,ELECTRONICS,KG,USD,3.33,4.13,0.25,0.35,2026-07-08,2026-08-22,3,Air freight Electronics rate via Singapore Airlines Cargo; priced per chargeable kg and subject to airline capacity and security screening.
Air,DEL,FRA,DHL Aviation,GENERAL CARGO,KG,USD,3.55,4.19,0.25,0.35,2026-06-17,2026-08-01,4,Air freight General Cargo rate via DHL Aviation; priced per chargeable kg and subject to airline capacity and security screening.
Air,DEL,DXB,Air India Cargo,TEXTILES,KG,USD,3.77,4.56,0.25,0.35,2026-06-24,2026-08-08,5,Air freight Textiles rate via Air India Cargo; priced per chargeable kg and subject to airline capacity and security screening.
Air,DEL,JED,Emirates SkyCargo,FOOTWEAR,KG,USD,3.99,4.95,0.25,0.35,2026-07-01,2026-08-15,2,Air freight Footwear rate via Emirates SkyCargo; priced per chargeable kg and subject to airline capacity and security screening.
Air,MAA,JFK,Cathay Cargo,TEA,KG,USD,3.67,4.44,0.25,0.35,2026-07-08,2026-08-22,2,Air freight Tea rate via Cathay Cargo; priced per chargeable kg and subject to airline capacity and security screening.
Air,MAA,LAX,Singapore Airlines Cargo,AUTO PARTS,KG,USD,3.89,4.82,0.25,0.35,2026-06-17,2026-08-01,3,Air freight Auto Parts rate via Singapore Airlines Cargo; priced per chargeable kg and subject to airline capacity and security screening.
Air,MAA,LHR,DHL Aviation,PHARMA GENERAL,KG,USD,3.41,4.02,0.25,0.35,2026-06-24,2026-08-08,4,Air freight Pharma General rate via DHL Aviation; priced per chargeable kg and subject to airline capacity and security screening.
Air,MAA,FRA,Air India Cargo,GARMENTS,KG,USD,3.63,4.39,0.25,0.35,2026-07-01,2026-08-15,5,Air freight Garments rate via Air India Cargo; priced per chargeable kg and subject to airline capacity and security screening.
Air,MAA,DXB,Emirates SkyCargo,HOME GOODS,KG,USD,3.85,4.77,0.25,0.35,2026-07-08,2026-08-22,2,Air freight Home Goods rate via Emirates SkyCargo; priced per chargeable kg and subject to airline capacity and security screening.
Air,MAA,JED,Qatar Airways Cargo,TEA,KG,USD,4.07,4.8,0.25,0.35,2026-06-17,2026-08-01,3,Air freight Tea rate via Qatar Airways Cargo; priced per chargeable kg and subject to airline capacity and security screening.
Air,BLR,JFK,Singapore Airlines Cargo,FMCG,KG,USD,3.75,4.65,0.25,0.35,2026-06-24,2026-08-08,3,Air freight Fmcg rate via Singapore Airlines Cargo; priced per chargeable kg and subject to airline capacity and security screening.
Air,BLR,LAX,DHL Aviation,ELECTRONICS,KG,USD,3.97,4.68,0.25,0.35,2026-07-01,2026-08-15,4,Air freight Electronics rate via DHL Aviation; priced per chargeable kg and subject to airline capacity and security screening.
Air,BLR,LHR,Air India Cargo,GENERAL CARGO,KG,USD,3.49,4.22,0.25,0.35,2026-07-08,2026-08-22,5,Air freight General Cargo rate via Air India Cargo; priced per chargeable kg and subject to airline capacity and security screening.
Air,BLR,FRA,Emirates SkyCargo,TEXTILES,KG,USD,3.71,4.6,0.25,0.35,2026-06-17,2026-08-01,2,Air freight Textiles rate via Emirates SkyCargo; priced per chargeable kg and subject to airline capacity and security screening.
Air,BLR,DXB,Qatar Airways Cargo,FOOTWEAR,KG,USD,3.93,4.64,0.25,0.35,2026-06-24,2026-08-08,3,Air freight Footwear rate via Qatar Airways Cargo; priced per chargeable kg and subject to airline capacity and security screening.
Air,BLR,JED,Turkish Cargo,FMCG,KG,USD,4.15,5.02,0.25,0.35,2026-07-01,2026-08-15,4,Air freight Fmcg rate via Turkish Cargo; priced per chargeable kg and subject to airline capacity and security screening.
Air,KHI,JFK,DHL Aviation,AUTO PARTS,KG,USD,3.83,4.52,0.25,0.35,2026-07-08,2026-08-22,4,Air freight Auto Parts rate via DHL Aviation; priced per chargeable kg and subject to airline capacity and security screening.
Air,KHI,LAX,Air India Cargo,PHARMA GENERAL,KG,USD,4.05,4.9,0.25,0.35,2026-06-17,2026-08-01,5,Air freight Pharma General rate via Air India Cargo; priced per chargeable kg and subject to airline capacity and security screening.
Air,KHI,LHR,Emirates SkyCargo,GARMENTS,KG,USD,3.57,4.43,0.25,0.35,2026-06-24,2026-08-08,2,Air freight Garments rate via Emirates SkyCargo; priced per chargeable kg and subject to airline capacity and security screening.
Air,KHI,FRA,Qatar Airways Cargo,HOME GOODS,KG,USD,3.79,4.47,0.25,0.35,2026-07-01,2026-08-15,3,Air freight Home Goods rate via Qatar Airways Cargo; priced per chargeable kg and subject to airline capacity and security screening.
Air,KHI,DXB,Turkish Cargo,TEA,KG,USD,4.01,4.85,0.25,0.35,2026-07-08,2026-08-22,4,Air freight Tea rate via Turkish Cargo; priced per chargeable kg and subject to airline capacity and security screening.
Air,KHI,JED,Etihad Cargo,AUTO PARTS,KG,USD,4.23,5.25,0.25,0.35,2026-06-17,2026-08-01,5,Air freight Auto Parts rate via Etihad Cargo; priced per chargeable kg and subject to airline capacity and security screening.
Air,LHE,JFK,Air India Cargo,ELECTRONICS,KG,USD,3.91,4.73,0.25,0.35,2026-06-24,2026-08-08,5,Air freight Electronics rate via Air India Cargo; priced per chargeable kg and subject to airline capacity and security screening.
Air,LHE,LAX,Emirates SkyCargo,GENERAL CARGO,KG,USD,4.13,5.12,0.25,0.35,2026-07-01,2026-08-15,2,Air freight General Cargo rate via Emirates SkyCargo; priced per chargeable kg and subject to airline capacity and security screening.
Air,LHE,LHR,Qatar Airways Cargo,TEXTILES,KG,USD,3.65,4.31,0.25,0.35,2026-07-08,2026-08-22,3,Air freight Textiles rate via Qatar Airways Cargo; priced per chargeable kg and subject to airline capacity and security screening.
Air,LHE,FRA,Turkish Cargo,FOOTWEAR,KG,USD,3.87,4.68,0.25,0.35,2026-06-17,2026-08-01,4,Air freight Footwear rate via Turkish Cargo; priced per chargeable kg and subject to airline capacity and security screening.
Air,LHE,DXB,Etihad Cargo,FMCG,KG,USD,4.09,5.07,0.25,0.35,2026-06-24,2026-08-08,5,Air freight Fmcg rate via Etihad Cargo; priced per chargeable kg and subject to airline capacity and security screening.
Air,LHE,JED,Cathay Cargo,ELECTRONICS,KG,USD,4.31,5.09,0.25,0.35,2026-07-01,2026-08-15,2,Air freight Electronics rate via Cathay Cargo; priced per chargeable kg and subject to airline capacity and security screening.
Air,CMB,JFK,Emirates SkyCargo,PHARMA GENERAL,KG,USD,3.99,4.95,0.25,0.35,2026-07-08,2026-08-22,2,Air freight Pharma General rate via Emirates SkyCargo; priced per chargeable kg and subject to airline capacity and security screening.
Air,CMB,LAX,Qatar Airways Cargo,GARMENTS,KG,USD,4.21,4.97,0.25,0.35,2026-06-17,2026-08-01,3,Air freight Garments rate via Qatar Airways Cargo; priced per chargeable kg and subject to airline capacity and security screening.
Air,CMB,LHR,Turkish Cargo,HOME GOODS,KG,USD,3.73,4.51,0.25,0.35,2026-06-24,2026-08-08,4,Air freight Home Goods rate via Turkish Cargo; priced per chargeable kg and subject to airline capacity and security screening.
Air,CMB,FRA,Etihad Cargo,TEA,KG,USD,3.95,4.9,0.25,0.35,2026-07-01,2026-08-15,5,Air freight Tea rate via Etihad Cargo; priced per chargeable kg and subject to airline capacity and security screening.
Air,CMB,DXB,Cathay Cargo,AUTO PARTS,KG,USD,4.17,4.92,0.25,0.35,2026-07-08,2026-08-22,2,Air freight Auto Parts rate via Cathay Cargo; priced per chargeable kg and subject to airline capacity and security screening.
Air,CMB,JED,Singapore Airlines Cargo,PHARMA GENERAL,KG,USD,4.39,5.31,0.25,0.35,2026-06-17,2026-08-01,3,Air freight Pharma General rate via Singapore Airlines Cargo; priced per chargeable kg and subject to airline capacity and security screening.
Air,PNH,JFK,Qatar Airways Cargo,GENERAL CARGO,KG,USD,4.07,4.8,0.25,0.35,2026-06-24,2026-08-08,3,Air freight General Cargo rate via Qatar Airways Cargo; priced per chargeable kg and subject to airline capacity and security screening.
Air,PNH,LAX,Turkish Cargo,TEXTILES,KG,USD,4.29,5.19,0.25,0.35,2026-07-01,2026-08-15,4,Air freight Textiles rate via Turkish Cargo; priced per chargeable kg and subject to airline capacity and security screening.
Air,PNH,LHR,Etihad Cargo,FOOTWEAR,KG,USD,3.81,4.72,0.25,0.35,2026-07-08,2026-08-22,5,Air freight Footwear rate via Etihad Cargo; priced per chargeable kg and subject to airline capacity and security screening.
Air,PNH,FRA,Cathay Cargo,FMCG,KG,USD,4.03,4.76,0.25,0.35,2026-06-17,2026-08-01,2,Air freight Fmcg rate via Cathay Cargo; priced per chargeable kg and subject to airline capacity and security screening.
Air,PNH,DXB,Singapore Airlines Cargo,ELECTRONICS,KG,USD,4.25,5.14,0.25,0.35,2026-06-24,2026-08-08,3,Air freight Electronics rate via Singapore Airlines Cargo; priced per chargeable kg and subject to airline capacity and security screening.
Air,PNH,JED,DHL Aviation,GENERAL CARGO,KG,USD,4.47,5.54,0.25,0.35,2026-07-01,2026-08-15,4,Air freight General Cargo rate via DHL Aviation; priced per chargeable kg and subject to airline capacity and security screening.
Air,SGN,JFK,Turkish Cargo,GARMENTS,KG,USD,4.15,5.02,0.25,0.35,2026-07-08,2026-08-22,4,Air freight Garments rate via Turkish Cargo; priced per chargeable kg and subject to airline capacity and security screening.
Air,SGN,LAX,Etihad Cargo,HOME GOODS,KG,USD,4.37,5.42,0.25,0.35,2026-06-17,2026-08-01,5,Air freight Home Goods rate via Etihad Cargo; priced per chargeable kg and subject to airline capacity and security screening.
Air,SGN,LHR,Cathay Cargo,TEA,KG,USD,3.89,4.59,0.25,0.35,2026-06-24,2026-08-08,2,Air freight Tea rate via Cathay Cargo; priced per chargeable kg and subject to airline capacity and security screening.
Air,SGN,FRA,Singapore Airlines Cargo,AUTO PARTS,KG,USD,4.11,4.97,0.25,0.35,2026-07-01,2026-08-15,3,Air freight Auto Parts rate via Singapore Airlines Cargo; priced per chargeable kg and subject to airline capacity and security screening.
Air,SGN,DXB,DHL Aviation,PHARMA GENERAL,KG,USD,4.33,5.37,0.25,0.35,2026-07-08,2026-08-22,4,Air freight Pharma General rate via DHL Aviation; priced per chargeable kg and subject to airline capacity and security screening.
Air,SGN,JED,Air India Cargo,GARMENTS,KG,USD,4.55,5.37,0.25,0.35,2026-06-17,2026-08-01,5,Air freight Garments rate via Air India Cargo; priced per chargeable kg and subject to airline capacity and security screening.
Air,HAN,JFK,Etihad Cargo,TEXTILES,KG,USD,4.23,5.25,0.25,0.35,2026-06-24,2026-08-08,5,Air freight Textiles rate via Etihad Cargo; priced per chargeable kg and subject to airline capacity and security screening.
Air,HAN,LAX,Cathay Cargo,FOOTWEAR,KG,USD,4.45,5.25,0.25,0.35,2026-07-01,2026-08-15,2,Air freight Footwear rate via Cathay Cargo; priced per chargeable kg and subject to airline capacity and security screening.
Air,HAN,LHR,Singapore Airlines Cargo,FMCG,KG,USD,3.97,4.8,0.25,0.35,2026-07-08,2026-08-22,3,Air freight Fmcg rate via Singapore Airlines Cargo; priced per chargeable kg and subject to airline capacity and security screening.
Air,HAN,FRA,DHL Aviation,ELECTRONICS,KG,USD,4.19,5.2,0.25,0.35,2026-06-17,2026-08-01,4,Air freight Electronics rate via DHL Aviation; priced per chargeable kg and subject to airline capacity and security screening.
Air,HAN,DXB,Air India Cargo,GENERAL CARGO,KG,USD,4.41,5.2,0.25,0.35,2026-06-24,2026-08-08,5,Air freight General Cargo rate via Air India Cargo; priced per chargeable kg and subject to airline capacity and security screening.
Air,HAN,JED,Emirates SkyCargo,TEXTILES,KG,USD,4.63,5.6,0.25,0.35,2026-07-01,2026-08-15,2,Air freight Textiles rate via Emirates SkyCargo; priced per chargeable kg and subject to airline capacity and security screening.
Air,PVG,JFK,Cathay Cargo,HOME GOODS,KG,USD,4.31,5.09,0.25,0.35,2026-07-08,2026-08-22,2,Air freight Home Goods rate via Cathay Cargo; priced per chargeable kg and subject to airline capacity and security screening.
Air,PVG,LAX,Singapore Airlines Cargo,TEA,KG,USD,4.53,5.48,0.25,0.35,2026-06-17,2026-08-01,3,Air freight Tea rate via Singapore Airlines Cargo; priced per chargeable kg and subject to airline capacity and security screening.
Air,PVG,LHR,DHL Aviation,AUTO PARTS,KG,USD,4.05,5.02,0.25,0.35,2026-06-24,2026-08-08,4,Air freight Auto Parts rate via DHL Aviation; priced per chargeable kg and subject to airline capacity and security screening.
Air,PVG,FRA,Air India Cargo,PHARMA GENERAL,KG,USD,4.27,5.04,0.25,0.35,2026-07-01,2026-08-15,5,Air freight Pharma General rate via Air India Cargo; priced per chargeable kg and subject to airline capacity and security screening.
Air,PVG,DXB,Emirates SkyCargo,GARMENTS,KG,USD,4.49,5.43,0.25,0.35,2026-07-08,2026-08-22,2,Air freight Garments rate via Emirates SkyCargo; priced per chargeable kg and subject to airline capacity and security screening.
Air,PVG,JED,Qatar Airways Cargo,HOME GOODS,KG,USD,4.71,5.84,0.25,0.35,2026-06-17,2026-08-01,3,Air freight Home Goods rate via Qatar Airways Cargo; priced per chargeable kg and subject to airline capacity and security screening.
Air,CAN,JFK,Singapore Airlines Cargo,FOOTWEAR,KG,USD,4.39,5.31,0.25,0.35,2026-06-24,2026-08-08,3,Air freight Footwear rate via Singapore Airlines Cargo; priced per chargeable kg and subject to airline capacity and security screening.
Air,CAN,LAX,DHL Aviation,FMCG,KG,USD,4.61,5.72,0.25,0.35,2026-07-01,2026-08-15,4,Air freight Fmcg rate via DHL Aviation; priced per chargeable kg and subject to airline capacity and security screening.
Air,CAN,LHR,Air India Cargo,ELECTRONICS,KG,USD,4.13,4.87,0.25,0.35,2026-07-08,2026-08-22,5,Air freight Electronics rate via Air India Cargo; priced per chargeable kg and subject to airline capacity and security screening.
Air,CAN,FRA,Emirates SkyCargo,GENERAL CARGO,KG,USD,4.35,5.26,0.25,0.35,2026-06-17,2026-08-01,2,Air freight General Cargo rate via Emirates SkyCargo; priced per chargeable kg and subject to airline capacity and security screening.
Air,CAN,DXB,Qatar Airways Cargo,TEXTILES,KG,USD,4.57,5.67,0.25,0.35,2026-06-24,2026-08-08,3,Air freight Textiles rate via Qatar Airways Cargo; priced per chargeable kg and subject to airline capacity and security screening.
Air,CAN,JED,Turkish Cargo,FOOTWEAR,KG,USD,4.79,5.65,0.25,0.35,2026-07-01,2026-08-15,4,Air freight Footwear rate via Turkish Cargo; priced per chargeable kg and subject to airline capacity and security screening.
Air,SZX,JFK,DHL Aviation,TEA,KG,USD,4.47,5.54,0.25,0.35,2026-07-08,2026-08-22,4,Air freight Tea rate via DHL Aviation; priced per chargeable kg and subject to airline capacity and security screening.
Air,SZX,LAX,Air India Cargo,AUTO PARTS,KG,USD,4.69,5.53,0.25,0.35,2026-06-17,2026-08-01,5,Air freight Auto Parts rate via Air India Cargo; priced per chargeable kg and subject to airline capacity and security screening.
Air,SZX,LHR,Emirates SkyCargo,PHARMA GENERAL,KG,USD,4.21,5.09,0.25,0.35,2026-06-24,2026-08-08,2,Air freight Pharma General rate via Emirates SkyCargo; priced per chargeable kg and subject to airline capacity and security screening.
Air,SZX,FRA,Qatar Airways Cargo,GARMENTS,KG,USD,4.43,5.49,0.25,0.35,2026-07-01,2026-08-15,3,Air freight Garments rate via Qatar Airways Cargo; priced per chargeable kg and subject to airline capacity and security screening.
Air,SZX,DXB,Turkish Cargo,HOME GOODS,KG,USD,4.65,5.49,0.25,0.35,2026-07-08,2026-08-22,4,Air freight Home Goods rate via Turkish Cargo; priced per chargeable kg and subject to airline capacity and security screening.
Air,SZX,JED,Etihad Cargo,TEA,KG,USD,4.87,5.89,0.25,0.35,2026-06-17,2026-08-01,5,Air freight Tea rate via Etihad Cargo; priced per chargeable kg and subject to airline capacity and security screening.
Air,SIN,JFK,Air India Cargo,FMCG,KG,USD,4.55,5.37,0.25,0.35,2026-06-24,2026-08-08,5,Air freight Fmcg rate via Air India Cargo; priced per chargeable kg and subject to airline capacity and security screening.
Air,SIN,LAX,Emirates SkyCargo,ELECTRONICS,KG,USD,4.77,5.77,0.25,0.35,2026-07-01,2026-08-15,2,Air freight Electronics rate via Emirates SkyCargo; priced per chargeable kg and subject to airline capacity and security screening.
Air,SIN,LHR,Qatar Airways Cargo,GENERAL CARGO,KG,USD,4.29,5.32,0.25,0.35,2026-07-08,2026-08-22,3,Air freight General Cargo rate via Qatar Airways Cargo; priced per chargeable kg and subject to airline capacity and security screening.
Air,SIN,FRA,Turkish Cargo,TEXTILES,KG,USD,4.51,5.32,0.25,0.35,2026-06-17,2026-08-01,4,Air freight Textiles rate via Turkish Cargo; priced per chargeable kg and subject to airline capacity and security screening.
Air,SIN,DXB,Etihad Cargo,FOOTWEAR,KG,USD,4.73,5.72,0.25,0.35,2026-06-24,2026-08-08,5,Air freight Footwear rate via Etihad Cargo; priced per chargeable kg and subject to airline capacity and security screening.
Air,SIN,JED,Cathay Cargo,FMCG,KG,USD,4.95,6.14,0.25,0.35,2026-07-01,2026-08-15,2,Air freight Fmcg rate via Cathay Cargo; priced per chargeable kg and subject to airline capacity and security screening.
Air,DXB,JFK,Emirates SkyCargo,AUTO PARTS,KG,USD,4.63,5.6,0.25,0.35,2026-07-08,2026-08-22,2,Air freight Auto Parts rate via Emirates SkyCargo; priced per chargeable kg and subject to airline capacity and security screening.
Air,DXB,LAX,Qatar Airways Cargo,PHARMA GENERAL,KG,USD,4.85,6.01,0.25,0.35,2026-06-17,2026-08-01,3,Air freight Pharma General rate via Qatar Airways Cargo; priced per chargeable kg and subject to airline capacity and security screening.
Air,DXB,LHR,Turkish Cargo,GARMENTS,KG,USD,4.37,5.16,0.25,0.35,2026-06-24,2026-08-08,4,Air freight Garments rate via Turkish Cargo; priced per chargeable kg and subject to airline capacity and security screening.
Air,DXB,FRA,Etihad Cargo,HOME GOODS,KG,USD,4.59,5.55,0.25,0.35,2026-07-01,2026-08-15,5,Air freight Home Goods rate via Etihad Cargo; priced per chargeable kg and subject to airline capacity and security screening.
Air,DXB,DXB,Cathay Cargo,TEA,KG,USD,4.81,5.96,0.25,0.35,2026-07-08,2026-08-22,2,Air freight Tea rate via Cathay Cargo; priced per chargeable kg and subject to airline capacity and security screening.
Air,DXB,JED,Singapore Airlines Cargo,AUTO PARTS,KG,USD,5.03,5.94,0.25,0.35,2026-06-17,2026-08-01,3,Air freight Auto Parts rate via Singapore Airlines Cargo; priced per chargeable kg and subject to airline capacity and security screening.
